오늘 비가 올까?	今天会下雨吗？
지금 몇 시야?	现在几点了？
오늘은 좀 피곤해서 일찍 잘 거야.	今天有点累，想早点睡。
내일 아침 7시에 깨워 줘.	明天早上7点叫我起床。
커피는 아메리카노로 주세요.	咖啡请给我美式。
얼음은 빼 주세요.	请不要加冰。
이거 환불 가능해요?	这个可以退款吗？
영수증 좀 주세요.	请给我小票。
카드로 결제할게요.	我刷卡付款。
현금도 돼요?	可以付现金吗？
배달은 언제 와요?	外卖什么时候到？
주소를 다시 알려 드릴까요?	需要我再告诉您一次地址吗？
엘리베이터가 고장 났어요.	电梯坏了。
오늘은 휴무인가요?	今天休息吗？
예약을 취소하고 싶어요.	我想取消预约。
예약 시간은 18:30으로 바꿀 수 있나요?	可以把预约时间改成18:30吗？
지금 통화 가능해?	现在方便通话吗？
문자로 보내 줄래?	可以发短信给我吗？
이 파일을 이메일로 보내 주세요.	请把这个文件发到我的邮箱。
Wi-Fi 비밀번호가 뭐예요?	Wi-Fi密码是什么？
USB-C 케이블 있어요?	有USB-C线吗？
충전이 안 돼서 배터리를 바꿔야 할 것 같아.	充不上电，我可能得换电池了。
화면이 자꾸 깜빡여요.	屏幕老是闪。
앱이 갑자기 종료돼요.	应用突然退出了。
업데이트 후에 느려졌어요.	更新后变慢了。
로그인은 됐는데 결제가 안 돼요.	登录成功了，但无法付款。
비밀번호를 세 번 틀렸어요.	密码输错三次了。
계정이 잠긴 것 같아요.	账号好像被锁了。
할인 코드(쿠폰) 적용됐나요?	折扣码（优惠券）用上了吗？
배송비는 얼마예요?	运费是多少？
총액이 25,900원 맞죠?	总金额是25,900韩元，对吧？
3일 안에 도착하면 좋겠어요.	如果能在3天内到就好了。
이번 주말에 시간 돼?	这周末你有时间吗？
다음 주 화요일은 어때?	下周二怎么样？
비가 와도 갈 거야.	就算下雨我也要去。
늦으면 연락해 줘.	如果晚了就联系我。
지금 출발했어.	我现在出发了。
10분 정도 늦을 것 같아.	我可能会迟到10分钟左右。
길이 막혀서 우회했어.	路上堵车，所以绕路了。
택시가 안 잡혀요.	打不到出租车。
지하철 2호선으로 갈아타야 해요.	要换乘地铁2号线。
출구는 3번이 맞나요?	出口是3号，对吗？
여기서 오른쪽으로 가면 돼요.	从这里往右走就可以。
그건 내가 잘못했어, 미안해.	是我做错了，对不起。
괜찮아, 다음엔 조심하자.	没关系，下次小心点就好。
오늘 기분이 좀 이상해.	今天心情有点怪。
배가 아파서 약을 먹었어.	我肚子疼，所以吃了药。
열이 38.5도까지 올랐어요.	烧到38.5度了。
병원 예약이 필요할까요?	需要预约医院吗？
알레르기가 있어서 새우는 못 먹어요.	我过敏，不能吃虾。
매운 건 조금만 넣어 주세요.	请少放一点辣。
설탕은 0g으로 해 주세요.	请做成0克糖。
물은 따뜻한 걸로 주세요.	请给我温水。
창문 좀 열어도 돼?	我可以开一下窗吗？
에어컨을 24도로 맞춰 줘.	请把空调调到24度。
난방은 꺼 주세요.	请把暖气关掉。
소리가 너무 커요, 조금 줄여 주세요.	声音太大了，请调小一点。
음악을 잠깐 멈춰 줘.	请把音乐先暂停一下。
지금 뭐 하고 있어?	你现在在做什么？
그냥 집에서 쉬고 있어.	我就在家休息。
오늘 저녁은 뭐 먹을까?	今天晚饭吃什么？
라면 말고 다른 거 먹자.	别吃拉面了，吃点别的吧。
냉장고에 우유가 없어요.	冰箱里没有牛奶了。
장바구니에 계란 12개 추가해 줘.	请在购物车里加12个鸡蛋。
비닐봉지 필요하세요?	您需要塑料袋吗？
이건 유통기한이 내일까지예요.	这个保质期到明天。
이 옷은 사이즈가 너무 커요.	这件衣服尺码太大了。
S로 바꿀 수 있나요?	可以换成S码吗？
색상은 검정이랑 흰색 중 뭐가 좋아?	颜色是黑色和白色，你觉得哪个更好？
사진 한 장만 찍어 줄래?	可以帮我拍一张照片吗？
카메라가 초점이 안 맞아요.	相机对不上焦。
화면 밝기를 좀 낮춰 줘.	请把屏幕亮度调低一点。
소프트웨어 버전이 3.2.1로 표시돼요.	软件版本显示为3.2.1。
지금 바로 처리해 주실 수 있나요?	现在可以马上帮我处理吗？
(중요) 이 부분은 꼭 확인해 주세요.	（重要）这一部分请务必确认。
오늘 일정은 (회의 2개)만 있어.	今天的安排只有（2个会议）。
점심은 12시, 저녁은 7시에 먹자.	午饭12点吃，晚饭7点吃吧。
1+1 행사 맞아요?	是买一送一活动吧？
50% 할인이라서 샀어요.	因为打五折，所以我买了。
배송 상태가 "준비중"에서 안 바뀌어요.	配送状态一直停留在“准备中”没变。
재고가 없으면 연락 주세요.	如果没库存请联系我。
다른 제품으로 교환 가능할까요?	可以换成别的产品吗？
고장 난 제품은 AS가 되나요?	坏掉的产品可以做售后维修吗？
보증기간이 1년이에요.	保修期是一年。
내일은 꼭 출근해야 해.	明天我一定得去上班。
오늘은 재택근무라서 집에 있어.	今天是居家办公，所以我在家。
회의가 30분 연장됐어요.	会议延长了30分钟。
지금은 바빠서 나중에 연락할게.	我现在很忙，晚点联系你。
사진을 첨부했어요(확인 부탁).	我附上照片了（请确认）。
링크(URL)를 다시 보내 줄게.	我再把链接（URL）发给你。
날씨가 너무 더워요.	天气太热了。
바람이 많이 부네요.	风很大。
창밖이 정말 예쁘다.	窗外真的很漂亮。
오늘 하루 수고했어.	今天辛苦了。
잘 자, 내일 보자.	晚安，明天见。
이건 진짜야?	这是真的吗？
혹시 그 사람 알아?	你认识那个人吗？
왜 그렇게 생각해?	你为什么这么想？
나는 그렇게까지는 모르겠어.	我还没了解到那种程度。
결론적으로, 지금은 기다리는 게 낫겠어.	总的来说，现在还是等一等比较好。
